1;190;0;255; 
2;185;0;255; 
3;180;0;255; 
4;175;0;255; 
5;170;0;255;  
6;190;5;255;  
7;190;10;255;   
8;190;15;255; 
9;190;20;255;  
10;190;25;255;  
11;190;30;255; 
12;190;35;255; 
13;255;200;0; 
14;255;180;0; 
15;255;170;0; 
16;255;200;10; 
17;255;190;10; 
18;255;180;10; 
19;255;170;10; 
20;255;160;10; 
21;255;190;20; 
22;255;200;20; 
23;255;180;20;  
24;255;170;20;  
25;255;200;30;  
26;255;180;30; 
27;255;190;30;  
28;255;170;30; 
29;255;200;40;   
30;255;200;50;   
31;2;1;1;
32;0;130;20;    
33;0;140;20; 
34;0;150;20; 
35;0;160;20;  
36;0;170;20;  
37;0;180;20; 
38;0;190;20; 
39;0;120;20; 
40;0;110;20; 
41;0;100;20; 
42;0;130;30; 
43;0;120;30; 
44;0;110;30; 
45;3;1;1;
46;0;254;255; 
47;130;37;84;  
48;131;115;99;   
49;112;208;156 ;
50;238;252;170; 
51;211;242;204; 
52;117;90;104;   
53;247;119;193;   
54;27;252;152;  
55;15;142;206; 
56;67;79;146; 
57;5;237;41;
58;72;110;163;
59;234;4;209;
60;16;205;254;
61;98;160;141;
62;115;220;151;
63;65;128;26;
64;239;217;91; 
65;40;192;115;  
66;171;112;89; 
67;237;137;185; 
68;13;86;214;'  
69;69;148;249;   
70;126;80;66;  
71;150;192;71; 
72;15;238;174;  
73;19;127;29;  
74;91;204;121;
75;65;55;12;
76;103;146;228;
77;254;187;86;
78;119;229;9;
79;98;222;86; 
80;22;67;119;
81;102;197;207;
82;115;176;161;   
83;234;11;247;  
84;49;48;55;   
85;55;190;242;
86;228;165;67;
87;9;86;36;
88;12;42;233;  
89;41;126;179; 
90;3;59;247;  
91;188;172;248;   
92;19;58;49;   
93;248;145;15;  
94;246;215;26; 
95;2;113;180;  
96;203;116;201; 
97;184;255;164; 
98;123;226;36;  
99;69;227;63;  
100;228;20;222;  
101;64;175;246;   
102;89;178;137; 
103;82;106;217;  
104;59;125;96;  
105;61;126;19;  
106;202;246;130; 
107;20;214;108;   
108;29;32;207; 
109;228;210;172;  
110;203;188;24;   
111;8;138;236; 
112;172;200;106; 
113;14;111;99;   
114;46;126;214;  
115;11;247;195;  
116;33;109;78;   
117;14;59;127;  
118;161;192;206;  
119;19;248;219; 
120;33;78;30;  
121;238;12;220;   
122;120;51;20;
123;192;195;198;
124;198;188;242;
125;45;51;251;
126;109;102;149; 
127;191;190;131;  
128;246;148;5;  
129;158;138;106;  
130;15;138;106;   
131;92;46;52; 
132;102;207;85;   
133;40;8;223;   
134;25;213;194;  
135;112;206;107;  
136;8;121;136;   
137;44;136;173;  
138;180;94;173;   
139;27;233;107;
140;30;145;95;
141;223;161;206;  
142;155;253;25;  
143;27;233;172; 
144;13;214;113;    
145;189;45;177;   
146;43;237;106;  
147;37;221;158;  
148;80;104;58; 
149;151;112;57; 
150;232;183;145;  
151;0;87;220; 
152;75;98;94;  
153;64;251;234; ' 
154;243;252;239;   
155;100;103;110;  
156;8;207;134;   
157;232;221;181; 
158;88;117;159;  
159;113;221;237;   
160;29;56;41;   
161;192;176;113;   
162;1;69;239;  
163;255;66;232;  
164;220;244;158;  
165;85;195;138;  
166;141;251;241;  
167;164;231;21;  
168;87;241;112; 
169;233;174;137;  
170;169;228;205;  
171;46;241;143;  
172;125;239;6;  
173;105;160;3;   
174;171;238;35;   
175;9;126;174; 
176;5;43;111;  
177;190;64;170;  
178;139;241;210;  
179;190;103;128;   
180;235;241;152;  
181;158;139;121;   
182;4;79;255;  
183;73;200;66;  
184;43;93;188; 
185;100;233;75;  
186;245;5;205;  
187;220;238;72;   
188;40;156;135;  
189;50;178;64;  
190;27;124;182;  
191;161;100;100;  
192;229;180;139;  
193;23;213;187;  
194;7;212;45;  
195;214;135;92;  
196;108;145;163;   
197;26;138;21;  
198;126;253;100;  
199;159;218;45;  
200;208;250;155;  
201;167;226;198;  
202;141;236;139;  
203;140;229;123;  
204;98;253;93;   
205;216;0;190;   
206;12;108;153;
207;31;140;49;
208;103;127;13;
209;80;246;75;   
210;247;215;2;   
211;125;108;119;  
212;30;187;233;   
213;228;221;86;  
214;89;246;233;   
215;32;249;200;   
216;165;102;32;  
217;231;59;244;   
218;231;121;65;  
219;66;123;140;  
220;124;243;71;   
221;116;212;125;   
222;41;29;44;  
223;157;208;86;   
224;162;89;56;   
225;33;36;34;   
226;89;244;101;   
227;18;250;189;  
228;129;113;38;   
229;239;130;225; 
230;33;120;104;
231;70;204;77;   
232;41;137;172;  
233;236;250;199;  
234;4;1;1;
235;103;128;231;  
236;252;233;122; 
237;233;122;63;  
238;215;94;36;   
239;90;168;143; 
240;76;206;229;  
241;252;93;182;  
242;138;160;38;  
243;5;1;1;
244;103;71;68; 
245;204;226;119;  
246;239;229;36;
247;6;1;1;
248;143;114;48;
249;235;175;75;  
250;7;1;1;
251;255;177;51;
252;27;158;130; 
253;234;80;122;
254;237;39;129;
255;180;124;98; 
256;89;134;255;  
257;156;172;212;   
258;156;60;34;  
259;124;128;46;   
260;248;225;113;
261;0;195;88;
262;116;199;131;
263;181;85;139; 
264;98;147;36;
265;23;149;8;  
266;162;239;145;  
267;38;133;208;  
268;70;55;70;  
269;36;83;54;  
270;225;34;227;  
271;82;101;37; 
272;201;130;206;  
273;133;42;95;  
274;87;254;51;   
275;76;224;50; 
276;255;42;172;
277;122;222;160;
278;172;202;56;
279;87;183;154;
280;224;89;185;
281;6;24;15; 
282;234;64;224;
283;140;208;42;
284;42;119;112;
285;6;66;40;  
286;192;193;158;  
287;23;93;75;   
288;44;98;113;  
289;255;207;18;  
290;177;241;112;  
291;12;217;20;  
292;127;174;228;  
293;197;145;97; 
294;201;219;89;
295;171;219;13;
296;43;247;249;
297;104;124;95;
298;132;182;129;
299;180;204;175;
300;173;203;75; 
301;27;45;7;   
302;71;248;61;  
303;82;120;49;  
304;250;20;91;  
305;131;136;31;  
306;133;171;251;  
307;37;234;13;  
308;130;147;154; 
309;190;240;228;  
310;151;105;102;  
311;130;152;214;   
312;181;151;9;  
313;133;180;114; 
314;138;203;206; 
315;81;139;32;   
316;215;180;236;  
317;26;69;50; 
318;60;139;53;  
319;251;238;111;  
320;120;186;35; 
321;179;238;81;   
322;204;215;61;   
323;131;221;95;   
324;247;76;252;  
325;74;111;86;  
326;58;175;130; 
327;83;106;118; 
328;42;95;36;  
329;207;125;188;  
330;75;242;249;   
331;181;127;171;  
332;203;187;167;  
333;153;135;218;  
334;36;188;134; 
335;150;171;143; 
336;221;243;62; 
337;116;182;152;  
338;172;153;143; 
339;162;230;0;
340;119;231;46; 
341;232;5;147;  
342;24;139;115;
343;5;123;204; 
344;100;73;72; 
345;254;231;236;  
346;141;169;229; 
347;96;130;248;  
348;242;195;132; 
349;98;184;206;  
350;255;1;0;
351;255;60;60;
352;255;2;0;  
353;255;61;60;
354;255;3;0;
355;255;62;60;
356;255;4;0;
357;150;0;0;  
358;255;5;0;
359;255;63;60;
360;150;1;0;  
361;255;6;0;
362;150;2;0;
363;255;64;60;
364;254;1;0;
365;254;60;60;
366;254;2;0;
367;254;61;60;
368;254;3;0;
369;254;62;60;
370;254;4;0;
371;150;3;0;
372;150;30;30;
373;254;63;60;
374;254;5;0;
375;150;5;0;
376;150;31;30;
377;254;64;60;
378;254;6;0;
379;254;65;60;
380;254;7;0;
381;254;66;60;
382;150;6;0;
383;150;32;30;
384;254;8;0;
385;254;67;60;
386;254;9;0;
387;254;68;60;
388;254;10;0;
389;150;7;0; 
390;253;1;0;
391;150;8;0;   
392;253;2;0;
393;253;60;60;
394;253;3;0;
395;150;9;0;  
396;150;10;0;
397;150;33;30;
398;253;4;0;
399;253;5;0;
400;253;6;0;
401;253;64;60;
402;253;65;60;
403;253;66;60;
404;253;7;0;
405;150;11;0;
406;253;67;60;
407;253;8;0;
408;253;9;0;
409;252;1;0;
410;252;60;60;
411;252;2;0;
412;252;3;0;  
413;150;12;0;
414;150;34;30;
415;252;4;0;66  
416;252;5;0;66  
417;150;13;0;  
418;251;1;0;
419;150;14;0;  
420;251;60;60;
421;251;2;0;
422;251;61;60;
423;251;3;0;  
424;251;4;0;  
425;250;1;0;
426;250;60;60;
427;250;2;0;
428;250;61;60;
429;250;3;0;
430;250;62;60;  
431;249;1;0;
432;249;60;60;
433;249;2;0;
434;249;61;60;
435;249;3;0; 
436;249;62;60;
437;248;1;0;
438;248;60;60;
439;248;2;0;
440;247;60;60;  
441;247;61;60;  
442;247;1;0;  
443;150;15;0;  
444;150;35;30; 
445;150;40;40; 
446;150;16;0;   
447;246;60;60;
448;246;1;0;
449;246;61;60;
450;246;2;0;
451;246;62;60;  
452;246;3;0;
453;246;63;60;  
454;246;4;0;
455;246;64;60;
456;246;5;0;   
457;246;65;60;
458;246;6;0;
459;246;66;60;
460;246;7;0;
461;246;67;60;
462;246;8;0;
463;246;68;60;
464;246;9;0;
465;246;69;60;
466;246;10;0;
467;246;70;60;
468;246;11;0;
469;246;71;60;
470;246;12;0;
471;245;1;0;
472;245;60;70;
473;245;2;0;
474;245;61;60;
475;245;3;0;  
476;245;62;60;
477;245;4;0;
478;0;50;0;  
479;0;60;0;  
480;0;70;0;   
481;0;80;0;   
482;0;90;0; ' 
483;0;100;0; ' 
484;150;36;30;
485;150;17;0;
486;150;37;30;  
487;150;20;20;
488;0;65;0;  
489;0;75;0; 
490;0;55;0;
491;0;45;0;
492;0;35;0;
493;0;25;0; 
494;0;85;0;  
495;0;95;0; 
496;245;5;0;
497;245;63;60;
498;245;64;60; 
499;245;6;0;
500;1;20;0;   
501;1;30;0; 
502;1;40;0;  
503;1;50;0;  
504;245;7;0;
505;245;65;60;
506;1;60;0; 
507;1;70;0; 
508;1;80;0;  
509;1;90;0;
510;1;100;0;
511;200;0;255;   
512;210;0;255;  
513;2;20;0;  
514;2;30;0;
515;2;40;0;
516;2;50;0;
517;2;60;0;  
518;2;70;0;
519;2;80;0;
520;2;90;0;
521;2;100;0;    
522;3;20;0;
523;3;30;0;
524;3;40;0;
525;3;50;0;  
526;3;60;0; 
527;245;8;0;
528;245;66;60;
529;150;45;45;  
530;245;9;0;
531;220;0;255;  
532;230;0;255;  
533;4;20;0; 
534;4;30;0;  
535;4;40;0;  
536;240;0;255; 
537;250;0;255;   
538;115;251;219;
539;210;177;158;
540;141;120;80;
541;27;243;225;    
542;15;244;2; 
543;160;18;90;  
544;16;228;111; 
545;100;119;100; 
546;178;132;72; 
547;25;249;70;
548;29;139;122;
549;210;108;130;  
550;223;78;122;    
551;251;207;218;  
552;181;109;113;  
553;77;191;197;   
554;163;123;147;' 
555;104;224;91;  
556;248;213;151;  
557;36;232;11;   
558;47;175;59; 
559;249;222;230;  
560;164;44;103;  
561;166;150;128; 
562;197;89;221; 
563;51;247;255; 
564;10;1;1;
565;1;0;0;
566;2;0;0;
567;3;0;0;
568;4;0;0;
569;5;0;0;
570;6;0;0;
571;7;0;0;
572;8;0;0;
573;9;0;0;
574;10;0;0;
575;11;0;0;
576;12;0;0;
577;13;0;0;
578;14;0;0;
579;15;0;0;
580;16;0;0;
581;17;0;0;
582;18;0;0;
583;19;0;0;
584;20;0;0;
585;21;0;0;
586;22;0;0;
587;23;0;0;
588;24;0;0;
589;25;0;0;
590;254;255;255;
591;0;255;255;  
592;0;255;254;  
593;0;1;0; 
594;137;149;138;  
595;69;76;156; 
596;79;201;117;  
597;36;111;178;   
598;182;125;104;  
599;6;245;153;  
600;20;213;68; 
601;224;29;105;  
602;106;207;8;   
603;178;233;33;  
604;219;97;6; 
605;26;130;8;   
606;0;20;130;  
607;0;20;110; 
608;0;20;100; 
609;0;20;90; 
610;0;20;80;  
611;0;20;70;  
612;0;20;60;  
613;0;20;50;  
614;0;20;40;  
615;0;20;120;  
616;0;20;140;  
617;0;20;150;   
618;23;68;131;  
619;209;211;121;  
620;74;203;232; 
621;117;244;54;   
622;39;38;20;11   
623;151;192;108;  
624;197;196;62;  
625;176;48;138;  
626;160;247;78;  
627;197;157;9;  
628;168;172;61; 
629;142;158;124;  
630;116;223;13;  
631;4;157;140;  
632;48;120;66;  
633;140;96;11;  
634;209;42;237;  
635;212;92;73;  
636;148;247;30;   
637;19;251;110;   
638;79;104;56;   
639;196;60;113;  
640;84;219;21; 
641;185;200;30;  
642;220;29;161;  
643;188;220;158;  
644;90;3;21;  
645;183;146;7;  
646;29;107;116;  
647;113;158;78;   
648;222;171;183;  
649;41;128;121;  
650;50;191;181;  
651;249;102;108;   
652;125;118;156;  
653;159;164;3;  
654;159;133;40;  
655;93;207;198;  
656;217;131;223;  
657;19;158;113;  
658;51;102;6;   
659;83;77;118; 
660;221;229;10; 
661;107;214;206;  
662;115;236;239;  
663;6;207;58; 
664;143;168;136;   
665;38;76;86;   
666;59;136;172;
667;46;121;190;
668;223;211;74;
669;45;74;14;  
670;90;117;143;   
671;36;189;70;   
672;205;186;187;  
673;55;162;208;   
674;246;53;165;  
675;18;166;246;  
676;202;53;126;  
677;98;119;196;  
678;150;215;64;  
679;169;235;122;  
680;122;104;46; 
681;53;81;193;  
682;30;188;160;  
683;231;220;60;   
684;109;101;82;  
685;49;220;235;   
686;234;156;98;   
687;194;78;18;  
688;122;180;126; 
689;239;130;101;   
690;1;110;131;   
691;241;14;94;   
692;127;204;112;  
693;131;187;71;  
694;198;132;187;  
695;232;2;237;  
696;199;232;152;  
697;68;235;123;  
698;159;163;27; 
699;151;120;242;  
700;3;243;148;  
701;99;153;60;  
702;12;0;35;  
703;57;145;67;  
704;52;32;195;  
705;15;102;0;
706;134;100;116;
707;220;222;165;
708;240;93;80;
709;92;183;168;
710;104;217;60;
711;189;225;201; 
712;35;225;9;    
713;50;217;189;    
714;184;164;41;    
715;28;36;82;   
716;30;192;178;  
717;254;17;207;    
718;168;213;131;  
719;61;50;2;    
720;248;181;169;  
721;173;169;148;   
722;139;146;2;  
723;188;228;157;  
724;54;117;255;  
725;161;1;8;  
726;168;170;72;  
727;130;137;153;  
728;141;214;11;   
729;24;133;59;   
730;41;107;114;  
731;235;44;169;  
732;3;33;187;  
733;239;95;95; 
734;76;252;16; 
735;236;190;212; 
736;237;81;6; 
737;69;77;153; 
738;37;142;81; 
739;101;83;5;  
740;92;51;236; 
741;63;84;22; 
742;167;34;205;  
743;204;143;96; 
744;212;243;78; 
745;74;96;61; 
746;203;238;47; 
747;104;22;117; 
748;147;109;53; 
749;51;244;13; 
750;76;230;5;  
751;57;33;16;  
752;115;17;139;   
753;208;161;90; 
754;80;99;145; 
755;50;216;246; 
756;168;233;249; 
757;128;114;64; 
758;141;110;121;   
759;236;161;43;  
760;114;54;146;  
761;103;182;118;'  
762;53;42;234;   
763;221;243;5; 
764;49;78;9;  
765;240;207;11;  
766;53;201;176; 
767;185;149;202;  
768;150;219;2;  
769;18;252;192;  
770;16;30;236;  
771;21;170;32;  
772;195;19;206;  
773;67;65;130;  
774;111;49;196;  
775;115;252;101;  
776;157;117;157; 
777;47;213;183;  
778;155;239;79;  
779;68;251;228;  
780;47;211;221;  
781;25;93;98;  
782;135;206;147; 
783;125;70;239;  
784;84;137;128;  
785;108;55;216;  
786;32;125;91;  
787;236;194;55;  
788;6;51;63;  
789;249;33;4;  
790;121;144;53;
791;214;153;143;
792;15;218;22;
793;212;158;103;  
794;168;43;212;   
795;126;30;242;  
796;118;79;29;  
797;221;65;111;   
798;200;149;199;  
799;191;103;213;  
800;104;43;234;  
801;224;199;62; 
802;135;85;33; 
803;63;178;57; 
804;244;68;53; 
805;210;198;243;  
806;180;161;8;  
807;236;209;143;  
808;214;127;72;  
809;162;178;52;  
810;173;209;85;  
811;77;53;71;   
812;180;193;31;   
813;36;137;84;  
814;47;165;183;  
815;206;97;41; 
816;5;128;34;  
817;252;129;141;   
818;206;123;122;   
819;36;76;89;   
820;242;171;97;  
821;164;230;2;  
822;50;215;93;  
823;94;11;153;  
824;141;99;210;  
825;103;157;130;
826;212;85;58;
827;61;57;42;
828;142;77;89;
829;114;221;104;
830;86;219;73;
831;132;5;100;
832;119;229;46;  
833;77;55;210; 
834;43;183;74;  
835;183;214;241;  
836;112;34;109;  
837;97;231;199;  
838;193;245;237;  
839;16;236;40;  
840;8;217;215;  
841;234;9;226;  
842;206;16;176;  
843;23;233;130;  
844;75;163;147;  
845;98;47;35;  
846;233;216;16;   
847;178;186;187;  
848;226;64;246;  
849;77;244;121;  
850;180;50;208; 
851;11;59;239; 
852;27;174;168;  
853;134;144;185;' 
854;155;249;181;  
855;153;139;227;  
856;128;248;172;  
857;215;108;251; 
858;2;55;212;  
859;79;134;69;  
860;9;119;147;  
861;14;103;20;   
862;92;247;123;   
863;17;178;140;   
864;233;118;107; 
865;215;42;65;  
866;143;232;212; 
867;19;182;75; 
868;13;139;58;  
869;137;56;156;   
870;148;147;165;   
871;53;30;26;   
872;77;142;137;
873;176;59;250;
874;62;200;228;
875;119;245;100;
876;235;233;76;
877;5;26;77;
878;145;55;140;
879;179;145;204;   
880;224;85;56; 
881;5;180;20;   
882;5;190;20;   
883;5;200;20;   
884;5;210;20;
885;5;220;20;
886;5;170;20;
887;5;160;20;
888;141;137;58; 
889;63;24;9; 
890;232;1;240;  
891;172;252;194;   
892;75;127;19;
893;53;178;215;   
894;17;172;123;  
895;116;167;1;
896;250;140;244;   
897;100;82;211;
898;185;181;196;
899;171;36;47; 
900;243;100;210;
901;134;98;88; 
902;95;196;47;
903;59;45;118;
904;88;238;205;
905;2;2;180;
906;48;64;8;
907;10;232;29;
908;102;8;203;
909;97;166;155;  
910;180;243;243;  
911;99;25;165;
912;1;144;85;
913;226;207;25;
914;208;205;156; 
915;11;96;177;
916;111;97;12;
917;66;154;36; 
918;146;17;37;
919;167;222;81;  
920;110;71;198;  
921;159;4;230; 
922;184;7;111;
923;20;68;132;  
924;14;154;24;  
925;142;37;89;  
926;92;158;57;
927;188;146;160;
928;122;153;85;
929;188;183;212; 
930;39;136;46;  
931;30;39;130;
932;161;20;96;
933;59;160;163;
934;135;58;94;
935;6;208;239;  
936;107;14;201;
937;208;231;205; 
938;77;93;71;  
939;45;133;66;
940;220;120;137;  
941;242;71;22;
942;24;38;122; 
943;83;246;178;
944;95;133;110;  
945;182;68;100;
946;252;142;62;
947;95;164;116;
948;150;223;125;
949;220;117;39;
950;235;100;228;
951;189;36;220;
952;114;38;80;
953;89;227;210; 
954;19;196;198;
955;4;60;208;
956;222;132;209;  
957;231;61;7;
958;92;216;119;
959;130;18;104; 
960;201;212;70;  
961;13;53;22;
962;69;246;187;
963;204;120;163;
964;232;4;130;
965;171;198;235;
966;167;132;219;
967;248;56;223;
968;96;68;85;
969;241;204;135;
970;179;42;224;
971;3;196;74;
972;198;52;240;  
973;215;130;9;
974;48;202;188; 
975;27;69;133;   
976;166;14;218;   
977;110;125;152;   
978;206;63;239;  
979;217;104;215;  
980;239;134;60;  
981;180;40;8;  
982;13;75;166;  
983;18;222;247;  
984;122;97;10;   
985;183;66;18;
986;143;212;125;
987;194;245;210; 
988;28;123;102;  
989;48;138;142;
990;224;198;204;  
991;91;58;122;
992;98;185;56;
993;228;119;233;
994;121;180;44;  
995;93;10;120;  
996;238;37;201;
997;128;185;96;
998;140;153;163;
999;129;4;193;   
1000;33;44;127;   
1001;31;99;165;  
1002;113;86;166;   
1003;115;210;146;   
1004;109;61;224;   
1005;80;114;137;   
1006;170;63;77;   
1007;86;18;82;
1008;26;71;163; 
1009;204;19;75; 
1010;226;232;250;
1011;3;245;226;
1012;201;71;214; 
1013;129;96;22;  
1014;221;238;82;  
1015;80;105;111; 
1016;125;246;90;   
1017;226;252;106;
1018;55;120;52;
1019;214;183;153;
1020;251;192;238;   
1021;122;48;99;
1022;238;59;38;
1023;231;148;159;
1024;77;133;79;
1025;58;130;170; 
1026;153;28;80; 
1027;185;251;219;
1028;173;106;63;
1029;134;112;246;
1030;184;213;7;
1031;138;74;180;
1032;47;38;6;
1033;244;53;114;
1034;138;179;1;  
1035;168;15;91; 
1036;239;152;45; 
1037;68;68;234; 
1038;227;73;167; 
1039;35;96;114;
1040;13;16;134;
1041;118;240;24;
1042;202;54;58;
1043;165;201;254;  
1044;72;150;75; 
1045;165;225;234;
1046;122;218;32;
1047;169;20;55;  
1048;4;39;120;  
1049;235;196;166;
1050;10;149;25;
1051;143;123;23;
1052;7;27;121;
1053;129;103;63; 
1054;191;235;193;  
1055;198;28;194;
1056;43;60;226;
1057;110;40;80;
1058;110;50;80;
1059;110;60;80;
1060;110;30;80;
1061;110;20;80;
1062;110;10;80;
1063;110;0;80;
1064;110;0;90;
1065;110;0;100;
1066;110;0;70;
1067;110;0;60;
1068;110;0;50;
1069;110;0;40;
1070;100;0;80;
1071;100;0;90;
1072;100;140;110;  
1073;100;150;110;
1074;100;160;110;
1075;100;170;110;
1076;100;180;110;
1077;100;190;110;  
1078;100;200;110;  
1079;100;130;110;   
1080;100;120;110;  
1081;100;170;120; 
1082;100;160;120;  
1083;124;110;32;  
1084;24;84;133;   
1085;158;123;156;   
1086;64;113;181;   
1087;31;67;113;   
1088;0;200;200;  
1089;0;190;200;
1090;0;180;200;
1091;0;170;200;  
1092;0;160;200;  
1093;0;150;200;   
1094;10;200;200;  
1095;10;190;200;   
1096;10;180;200;   
1097;10;170;200;  
1098;10;160;200; 
1099;10;150;200; 
1100;20;200;200;  
1101;20;190;200;   
1102;20;180;200;  
1103;20;170;200;   
1104;20;160;200;  
1105;20;150;200;  
1106;30;200;200;  
1107;30;190;200;  
1108;30;180;200;   
1109;30;170;200; 
1110;30;160;200;
1111;30;150;200;   
1112;40;200;200; 
1113;40;190;200;  
1114;40;180;200;  
1115;40;170;200;
1116;40;160;200;
1117;40;150;200;
1118;50;200;200;   
1119;50;190;200;   
1120;50;180;200; 
1121;50;170;200; 
1122;50;160;200;  
1123;50;150;200;  
1124;60;200;200;  
1125;60;190;200;  
1126;60;180;200;  
1127;60;170;200; 
1128;60;160;200;    
1129;60;150;200; 
1130;70;200;200; 
1131;70;190;200;   
1132;70;180;200;  
1133;70;170;200;  
1134;70;160;200;  
1135;70;150;200;   
1136;80;150;200;   
1137;80;160;200;   
1138;80;170;200;  
1139;80;180;200; 
1140;80;190;200;  
1141;80;200;200; 
1142;54;45;23;  
1143;244;186;247;  
1144;197;234;168;
1145;47;72;102;  
1146;183;80;123;
1147;138;29;169;  
1148;104;161;239;  
1149;193;80;31;
1150;6;85;147;
1151;97;112;227;  
1152;211;119;132;  
1153;176;178;212;
1154;6;81;23;  
1155;173;228;132;  
1156;88;241;40;
1157;1;52;141; 
1158;110;0;244;
1159;111;42;159;
1160;168;139;122;  
1161;244;1;0;
1162;244;60;60;
1163;244;2;0;  
1164;244;61;60;  
1165;244;3;0;
1166;150;38;30;
1167;244;4;0;
1168;244;62;60;
1169;244;5;0;
1170;244;63;60;
1171;244;6;0;
1172;150;39;30;  
1173;244;64;60;
1174;244;7;0;
1175;150;40;30;  
1176;244;8;0;
1177;244;65;60;
1178;243;1;0;
1179;243;60;60;
1180;243;2;0;
1181;150;41;30;  
1182;243;3;0;
1183;243;61;60;
1184;243;4;0;
1185;243;62;60;
1186;243;5;0;
1187;150;42;30;  
1188;243;6;0;
1189;243;63;60;
1190;150;43;30;   
1191;243;7;0;
1192;242;1;0;
1193;242;60;60;
1194;150;44;30; 
1195;242;2;0;
1196;150;45;30;  
1197;242;3;0;  
1198;150;46;30;  
1199;242;4;0;
1200;242;61;60;
1201;242;5;0;
1202;150;47;30;
1203;242;62;60;
1204;242;6;0;
1205;242;63;60;
1206;242;7;0;
1207;242;64;60;
1208;242;8;0;
1209;242;65;60;
1210;242;9;0; 
1211;242;10;0;
1212;242;66;60;
1213;242;11;0;
1214;242;67;60;   
1215;242;12;0;
1216;242;68;60;
1217;242;13;0;
1218;242;69;60;
1219;242;14;0;
1220;242;70;60;
1221;207;63;194; 
1222;18;224;159;
1223;134;174;147;  
1224;180;233;172; 
1225;8;102;143;
1226;70;222;171; 
1227;89;207;116;  
1228;149;201;91;
1229;140;53;108; 
1230;45;146;228;
1231;200;159;15;
1232;55;166;250; 
1233;211;202;139;  
1234;157;96;23;
1235;234;233;22;  
1236;28;146;74;
1237;242;15;0; 
1238;105;235;97; 
1239;129;131;117;  
1240;33;150;142;   
1241;154;219;228;
1242;183;72;194;' 
1243;51;79;71;
1244;124;67;179;  
1245;92;221;249; 
1246;94;113;243; 
1247;129;132;115;
1248;131;44;18;  
1249;67;69;14;  
1250;222;222;112;   
1251;31;217;170; 
1252;247;101;163;  
1253;124;122;99;
1254;67;198;203;
1255;223;235;18; 
1256;26;185;145;
1257;165;11;84; 
1258;169;114;244;
1259;224;103;78;
1260;94;7;210; 
1261;106;9;45;
1262;248;33;183;
1263;107;162;141;
1264;87;108;209; 
1265;126;209;52; 
1266;101;67;171;  
1267;164;175;202; 
1268;181;179;218;
1269;52;109;26;
1270;103;52;215; 
1271;10;162;117;
1272;126;163;89;  
1273;209;65;43;
1274;182;18;181; 
1275;217;122;144;
1276;202;170;4; 
1277;98;218;13; 
1278;104;240;104;
1279;94;252;167; 
1280;57;11;146;  
1281;143;1;75;
1282;82;10;72;    
1283;61;239;5;    
1284;219;109;169;    
1285;86;86;138; 
1286;193;145;153;
1287;192;240;149;   
1288;206;20;241;  
1289;153;61;38; 
1290;58;242;14;
1291;190;112;112;
1292;76;18;173;
1293;235;66;135;  
1294;50;247;114;   
1295;13;131;214; 
1296;92;175;48; 
1297;139;64;7;
1298;150;58;21; 
1299;51;131;186;  
1300;114;114;126;  
1301;109;128;144; 
1302;137;89;209;
1303;185;66;15;   
1304;170;229;154;
1305;89;22;124;  
1306;150;198;208;  
1307;210;79;248;
1308;232;163;39;
1309;222;160;53;
1310;90;61;105;
1311;188;123;37;
1312;11;178;235;
1313;193;201;48;
1314;226;30;165;
1315;140;167;78; 
1316;249;189;115;    
1317;141;33;76;    
1318;176;77;225;  
1319;78;21;72;  
1320;197;59;156;   
1321;2;140;147;   
1322;38;89;140;   
1323;168;40;146;   
1324;149;122;37;
1325;118;59;133;  
1326;221;237;245; 
1327;106;113;68; 
1328;28;76;129; 
1329;236;153;85;
1330;153;108;189; 
1331;182;95;215;
1332;217;25;56; 
1333;254;198;202; 
1334;213;173;183; 
1335;47;226;169;
1336;212;47;192;  
1337;68;135;174; 
1338;45;58;119;
1339;85;9;176;  
1340;38;26;48;
1341;119;38;113;  
1342;153;134;201; 
1343;4;173;189;   
1344;96;198;140; 
1345;101;213;121; 
1346;59;124;196; 
1347;186;94;81; 
1348;203;74;133;
1349;114;201;188; 
1350;52;100;65;
1351;146;153;200; 
1352;128;8;52;
1353;199;107;157;  
1354;200;243;227;
1355;157;235;254; 
1356;60;153;15;  
1357;105;60;173;   
1358;67;138;136;
1359;146;156;162;  
1360;18;48;135;
1361;203;71;198; 
1362;218;116;51;  
1363;102;0;73;   
1364;213;197;141;   
1365;176;191;36;  
1366;148;183;89;
1367;225;6;157; 
1368;82;225;2;  
1369;213;38;110;  
1370;218;53;47; 
1371;171;166;25;
1372;55;211;185;
1373;65;133;84; 
1374;207;46;192;   
1375;109;70;185;
1376;70;3;43; 
1377;61;63;184; 
1378;137;249;132; 
1379;7;177;144; 
1380;46;218;233;
1381;201;228;131;  
1382;56;119;57;  
1383;235;68;171;  
1384;38;104;126; 
1385;11;138;27;  
1386;128;5;174;  
1387;182;218;179;  
1388;166;27;71;  
1389;148;176;156;  
1390;237;138;83;  
1391;104;186;177;  
1392;220;94;232;   
1393;4;148;211;
1394;201;97;39;  
1395;13;230;106;  
1396;182;104;12;
1397;66;18;15; 
1398;208;49;232;
1399;151;49;183; 
1400;154;120;211;
1401;135;230;186;
1402;126;115;35; 
1403;182;105;77; 
1404;54;101;222; 
1405;72;251;3;  
1406;234;75;233;
1407;133;254;208;
1408;239;50;191; 
1409;192;133;81;  
1410;126;223;233;  
1411;70;135;191;
1412;99;10;173; 
1413;74;40;218;  
1414;107;90;174; 
1415;14;218;246; 
1416;254;94;111; 
1417;158;109;51; 
1418;177;195;41;  
1419;152;218;225;  
1420;159;128;169; 
1421;63;41;129; 
1422;173;95;99; 
1423;164;4;164;
1424;64;238;39;  
1425;36;51;78;
1426;91;183;238;  
1427;7;219;74;  
1428;48;73;66;  
1429;229;6;143;  
1430;221;134;125; 
1431;110;111;59;  
1432;200;253;242;
1433;134;38;231; 
1434;254;37;163; 
1435;104;88;151;    
1436;29;186;191; 
1437;12;235;184;  
1438;157;41;68;  
1439;175;144;51;   
1440;174;54;6;  
1441;24;10;251;  
1442;210;108;155; 
1443;96;5;72; 
1444;143;73;226;  
1445;162;239;146;  
1446;191;20;104;  
1447;126;44;39;  
1448;122;2;37;   
1449;8;95;102;
1450;67;90;52;  
1451;131;149;238;  
1452;212;156;153;  
1453;33;89;161;   
1454;150;45;41; 
1455;208;54;166; 
1456;35;12;159; 
1457;240;182;85;
1458;135;110;6; 
1459;71;230;43;
1460;90;126;194;  
1461;193;135;62;  
1462;79;219;16;  
1463;214;78;91;  
1464;30;146;95;    
1465;50;30;28;
1466;196;239;35;   
1467;71;64;118;  
1468;204;145;1;
1469;0;218;65;
1470;219;197;180;
1471;32;60;129; 
1472;127;132;1;  
1473;33;20;198;
1474;63;207;103;
1475;208;24;70; 
1476;189;217;156;  
1477;240;56;13;
1478;236;225;148;  
1479;151;5;42;  
1480;170;250;128;  
1481;4;15;4;  
1482;160;102;213; 
1483;198;244;117;  
1484;89;153;125; 
1485;104;153;212;
1486;1;78;124;  
1487;207;146;81;
1488;16;117;117;  
1489;99;152;98;
1490;203;240;10;
1491;212;85;3;
1492;175;120;37;
1493;240;169;200;
1494;254;5;128;
1495;22;223;194;  
1496;252;104;219;  
1497;161;114;212;  
1498;61;106;56;
1499;112;45;159;
1500;139;124;74; 
1501;139;115;2; 
1502;95;212;1;
1503;224;195;84;
1504;124;165;115;   
1505;237;204;16; 
1506;1;48;59; 
1507;168;239;12;
1508;218;212;118;
1509;202;167;65;
1510;108;177;66;
1511;137;61;101;  
1512;195;137;40;  
1513;0;16;178;
1514;56;122;181; 
1515;199;171;67;
1516;163;244;190; 
1517;54;229;135; 
1518;134;205;149;
1519;82;94;54;
1520;181;252;14;  
1521;37;52;189;  
1522;165;157;60;  
1523;72;58;253;  
1524;16;247;132;
1525;0;31;113;
1526;135;13;145; 
1527;66;59;142; 
1528;238;201;112; 
1529;155;166;95; 
1530;89;161;30;
1531;17;242;250;  
1532;128;98;199;  
1533;9;130;237;
1534;40;189;85; 
1535;80;237;52;  
1536;230;182;230; 
1537;196;68;141; 
1538;92;166;45;
1539;138;127;156; 
1540;183;166;139;
1541;184;130;58;
1542;253;41;230;
1543;85;43;46; 
1544;32;253;5; 
1545;159;219;235;
1546;125;157;160; 
1547;1;47;90; 
1548;14;124;77;  
1549;32;93;56; 
1550;137;109;145;  
1551;225;99;216;
1552;103;139;150; 
1553;150;75;135;  
1554;27;72;131; 
1555;207;106;250;
1556;190;146;128;
1557;115;66;139;  
1558;202;49;231;
1559;202;122;80;
1560;158;18;232;  
1561;30;39;98;
1562;13;149;52;
1563;108;41;163;
1564;56;253;42;
1565;200;123;17;
1566;244;26;66;
1567;157;135;161; 
1568;37;104;167;  
1569;159;107;199; 
1570;150;65;243;
1571;48;253;50;  
1572;138;12;254;  
1573;53;181;24;
1574;36;30;217;  
1575;82;170;208; 
1576;64;63;69; 
1577;57;202;124;
1578;104;73;136; 
1579;253;182;112;
1580;215;214;152;  
1581;47;69;251;
1582;43;34;242;
1583;88;109;51;
1584;28;28;151; 
1585;204;129;50;  
1586;180;57;104; 
1587;47;128;140;
1588;99;176;187;
1589;191;143;2; 
1590;109;226;16; 
1591;111;186;140; 
1592;93;50;85; 
1593;217;190;82;  
1594;84;60;251;
1595;91;41;104;
1596;163;93;165;    
1597;141;243;136; 
1598;205;56;185; 
1599;209;222;140;  
1600;191;129;71;  
1601;43;26;155;  
1602;249;254;235;  
1603;101;105;57; 
1604;235;27;244;  
1605;179;78;13; 
1606;38;158;89; 
1607;43;28;13;   
1608;66;70;91;   
1609;88;31;8;  
1610;242;235;130;  
1611;223;190;110;
1612;34;251;153;  
1613;223;4;250;  
1614;212;20;31; 
1615;102;206;175; 
1616;110;187;241;  
1617;143;95;131;
1618;125;43;154; 
1619;186;216;248;
1620;10;146;93;  
1621;79;40;79;  
1622;216;201;118;  
1623;68;31;189;  
1624;157;45;10;  
1625;178;31;252;
1626;44;251;29;
1627;198;145;207;
1628;150;100;241;
1629;143;37;134;  
1630;123;29;146;
1631;67;199;91;  
1632;98;217;25;  
1633;201;10;57;
1634;212;87;148; 
1635;10;127;209;   
1636;89;58;149; 
1637;22;127;223;
1638;13;232;5;
1639;94;228;22; 
1640;238;35;123; 
1641;59;249;2;
1642;30;232;70;
1643;219;137;116;  
1644;116;57;201;
1645;37;39;241; 
1646;49;160;94; 
1647;16;220;49; 
1648;30;143;110;
1649;216;81;150;  
1650;7;77;106;  
1651;92;22;59; 
1652;160;198;146;
1653;2;208;134;
1654;56;189;238;  
1655;50;78;207; 
1656;120;156;29;  
1657;195;223;1; 
1658;147;50;99;   
1659;174;198;143;  
1660;201;198;203; 
1661;249;236;81;  
1662;11;125;139;  
1663;161;25;106;  
1664;94;222;182; 
1665;146;217;38;  
1666;249;179;18; 
1667;145;69;82;
1668;54;38;16; 
1669;181;162;236; 
1670;169;241;96;
1671;189;108;18;  
1672;175;246;32;  
1673;84;228;52;   
1674;235;148;178;
1675;60;154;209;
1676;56;46;38;
1677;99;220;176;
1678;49;216;94;
1679;171;111;137;
1680;13;205;173;  
1681;90;167;90; 
1682;100;67;79; 
1683;19;157;4; 
1684;250;53;7; 
1685;42;242;205;
1686;125;77;175; 
1687;244;240;37; 
1688;42;169;106;
1689;87;119;81;
1690;144;47;189;
1691;166;110;20; 
1692;218;147;243;  
1693;234;78;67;   
1694;207;198;64;   
1695;237;173;6; 
1696;43;145;252;  
1697;205;140;58;   
1698;62;112;172;   
1699;5;1;66;  
1700;70;109;21;  
1701;94;48;162;  
1702;140;224;84; 
1703;112;158;30; 
1704;18;246;135; 
1705;202;74;62;
1706;98;186;199;  
1707;221;59;141;  
1708;61;207;50;  
1709;116;250;153; 
1710;135;1;49; 
1711;101;229;129; 
1712;67;192;44; 
1713;246;151;17;
1714;173;163;226;  
1715;113;25;51;   
1716;209;22;112;   
1717;12;155;218;   
1718;92;186;83;  
1719;31;55;19;  
1720;145;23;147;  
1721;111;70;183;  
1722;172;55;189;  
1723;84;242;125;   
1724;199;164;45; 
1725;118;238;75;  
1726;94;21;182;   
1727;253;228;114;  
1728;221;134;12;  
1729;248;135;33;  
1730;48;56;114;  
1731;166;146;117;  
1732;107;43;187; 
1733;183;54;183; 
1734;238;67;158;
1735;104;148;215; 
1736;74;83;14;  
1737;48;144;157; 
1738;173;201;241;  
1739;29;51;102;
1740;229;122;175; 
1741;118;226;178;  
1742;199;238;183; 
1743;153;15;173;
1744;164;19;154;  
1745;237;90;182;  
1746;240;115;56;
1747;155;242;114;  
1748;115;234;238;
1749;83;149;16; 
1750;241;85;219;
1751;6;146;69; 
1752;250;57;59;  
1753;40;211;235;  
1754;181;169;134;  
1755;141;127;174;   
1756;138;9;41; 
1757;201;37;103; 
1758;70;119;111;  
1759;212;173;241;  
1760;74;88;146;  
1761;110;91;99; 
1762;59;150;133;  
1763;248;80;22; 
1764;125;10;25;  
1765;139;211;93;  
1766;22;189;166;   
1767;17;201;203;  
1768;212;10;180; 
1769;85;92;241;
1770;62;74;67;   
1771;254;26;201;   
1772;57;178;227;  
1773;223;194;211;
1774;127;115;39;
1775;63;248;61;
1776;121;223;106;
1777;149;223;225;
1778;181;114;3;
1779;119;127;106; 
1780;195;194;200;
1781;133;165;180;
1782;156;69;125; 
1783;251;25;27; 
1784;99;81;83;  
1785;191;244;186; 
1786;100;39;86;
1787;148;157;244; 
1788;150;244;163; 
1789;57;217;199;  
1790;250;213;102;
1791;38;71;81;
1792;10;73;97; 
1793;130;228;40;
1794;59;197;145;
1795;156;233;186;
1796;65;144;194;
1797;183;63;158;
1798;99;223;99;
1799;166;159;32;
1800;251;57;18;
1801;123;57;99; 
1802;12;220;1; 
1803;51;210;228;
1804;96;7;0;
1805;224;101;4; 
1806;247;236;154;
1807;56;205;99; 
1808;251;198;5;
1809;156;142;182;
1810;7;42;126; 
1811;44;65;3;  
1812;96;35;184;
1813;221;138;12;
1814;22;150;20; 
1815;74;111;115;
1816;239;123;196;
1817;31;192;139;
1818;18;31;199;
1819;120;93;55;
1820;24;202;141;
1821;94;232;37;  
1822;26;218;58;
1823;242;197;12; 
1824;30;18;119;
1825;5;88;136;
1826;229;133;51; 
1827;178;0;254;  
1828;42;202;115; 
1829;103;85;67;  
1830;220;125;178;  
1831;105;57;75;  
1832;186;204;192;
1833;48;85;195; 
1834;0;164;37; 
1835;39;111;97;
1836;185;187;149;  
1837;166;38;22;
1838;153;0;127;  
1839;154;38;184;
1840;196;219;136;  
1841;132;67;0;
1842;228;124;226; 
1843;113;240;249; 
1844;117;107;6;  
1845;103;252;81;
1846;140;32;248;
1847;194;129;103; 
1848;180;212;148; 
1849;151;159;0;
1850;179;151;49;
1851;153;120;33;  
1852;102;96;191;  
1853;137;198;2;  
1854;117;238;18;
1855;35;75;154; 
1856;247;185;241;    
1857;250;11;223;  
1858;132;93;61;
1859;85;51;0;
1860;155;232;123; 
1861;9;165;120;
1862;216;240;233;
1863;187;204;135;
1864;192;21;176;
1865;138;86;8; 
1866;24;134;93;
1867;47;85;110;  
1868;24;57;73;   
1869;162;146;192; 
1870;160;215;183;  
1871;162;46;153;  
1872;161;153;233;  
1873;209;79;173;  
1874;226;146;28;  
1875;98;24;14;  
1876;33;28;10;  
1877;118;229;36;  
1878;128;188;252;   
1879;217;209;211;   
1880;252;223;28;  
1881;0;111;98;  
1882;240;60;60;
1883;240;1;0;
1884;150;1;1;  
1885;240;61;60; 
1886;240;2;0; 
1887;240;62;60;
1888;240;3;0;  
1889;240;63;60;
1890;240;4;0;
1891;240;64;60;
1892;240;5;0;
1893;240;65;60;
1894;240;6;0;  
1895;240;66;60;
1896;240;7;0;
1897;240;67;60;
1898;240;8;0;
1899;240;68;60;
1900;240;9;0;
1901;240;69;60;
1902;240;10;0;
1903;240;70;60; 
1904;240;11;0;
1905;240;71;60;
1906;240;12;0; 
1907;240;72;60;
1908;240;13;0;
1909;240;73;60;  
1910;240;14;0;
1911;240;74;60;  
1912;240;15;0; 
1913;240;75;60;
1914;240;16;0; 
1915;239;60;60;19 
1916;239;1;0;
1917;239;61;60;
1918;239;2;0;
1919;239;62;60;
1920;239;3;0;  
1921;95;206;156; 
1922;35;55;214;   
1923;52;67;197; 
1924;114;194;181; 
1925;57;192;66;  
1926;90;209;164; 
1927;81;37;243;  
1928;103;120;174;  
1929;143;210;200;  
1930;149;132;204;  
1931;63;183;142;  
1932;239;103;133;  
1933;208;170;43;  
1934;118;17;106;   
1935;202;96;189;   
1936;77;231;181;   
1937;199;112;162;   
1938;236;116;193;   
1939;50;156;163;  
1940;2;116;130; 
1941;60;77;99;  
1942;141;50;88;  
1943;0;0;255;  
1944;10;10;255;
1945;11;11;255;
1946;12;12;255;
1947;13;13;255;
1948;14;14;255;
1949;15;15;255;
1950;16;16;255;
1951;17;17;255;
1952;18;18;255;
1953;19;19;255;
1954;50;50;255;
1955;60;60;255;
1956;30;0;255;
1957;70;70;255;
1958;40;0;255;
1959;25;25;255; 
1960;10;0;255;
1961;20;0;255;
1962;75;75;255;
1963;50;0;255;
1964;55;55;255;
1965;60;0;255;
1966;20;20;255;
1967;21;21;255;
1968;70;0;255; 
1969;52;52;255;  
1970;80;0;255;
1971;53;53;255;
1972;90;0;255;
1973;35;0;255;
1974;85;0;255;
1975;45;0;255;
1976;85;165;222;
1977;193;0;0;
1978;188;188;188;
1979;189;189;189;
1980;190;190;190;
1981;191;191;191;
1982;192;192;192;
1983;193;193;193;
1984;194;194;194;
1985;195;195;195;
1986;196;196;196;
1987;197;197;197;
1988;198;198;198;
1989;199;199;199;
1990;200;200;200;
1991;201;201;201;
1992;202;202;202;
1993;203;203;203;
1994;204;204;204;
1995;205;205;205;
1996;206;206;206;
1997;207;207;207;
1998;208;208;208;
1999;209;209;209;
2000;210;210;210;
2001;211;211;211;
2002;212;212;212;
2003;213;213;213;
2004;214;214;214;
2005;215;215;215;
2006;216;216;216;
2007;217;217;217;
2008;218;218;218;
2009;219;219;219;
2010;220;220;220;
2011;221;221;221;
2012;222;222;222;
2013;223;223;223;
2014;224;224;224;
2015;225;225;225;
2016;226;226;226;
2017;227;227;227;
2018;228;228;228;
2019;229;229;229;
2020;230;230;230;
2021;231;231;231;
2022;232;232;232;
2023;233;233;233;
2024;234;234;234;
2025;235;235;235;
2026;236;236;236;
2027;237;237;237;
2028;238;238;238;
2029;239;239;239;
2030;240;240;240;
2031;241;241;241;
2032;242;242;242;
2033;243;243;243;
2034;244;244;244;
2035;245;245;245;
2036;246;246;246;
2037;247;247;247;
2038;248;248;248;
2039;249;249;249;
2040;250;250;250;
2041;251;251;251;
2042;252;252;252;
2043;253;253;253;
2044;254;254;254;
2045;254;255;255;
2046;253;255;255;
2047;252;255;255;
2048;251;255;255;
2049;250;255;255;
2050;249;255;255;
2051;248;255;255;
2052;247;255;255;
2053;246;255;255;
2054;245;255;255;
2055;244;255;255;
2056;243;255;255;
2057;242;255;255;
2058;241;255;255;
2059;240;255;255;
2060;239;255;255;
2061;238;255;255;
2062;237;255;255;
2063;236;255;255;
2064;235;255;255;
2065;234;255;255;
2066;233;255;255;
2067;232;255;255;
2068;231;255;255;
2069;230;255;255;
2070;229;255;255;
2071;228;255;255;
2072;227;255;255;
2073;226;255;255;
2074;225;255;255;
2075;224;255;255;
2076;223;255;255;
2077;222;255;255;
2078;221;255;255;
2079;220;255;255;
2080;219;255;255;
2081;218;255;255;
2082;217;255;255;
2083;216;255;255;
2084;215;255;255;
2085;214;255;255;
2086;213;255;255;
2087;212;255;255;
2088;211;255;255;
2089;210;255;255;
2090;209;255;255;
2091;208;255;255;
2092;207;255;255;
2093;206;255;255;
2094;205;255;255;
2095;204;255;255;
2096;203;255;255;
2097;202;255;255;
2098;201;255;255;
2099;200;255;255;
2100;199;255;255;
2101;198;255;255;
2102;197;255;255;
2103;196;255;255;
2104;195;255;255;
2105;194;255;255;
2106;193;255;255;
2107;192;255;255;
2108;191;255;255;
2109;190;255;255;
2110;189;255;255;
2111;188;255;255;
2112;187;255;255;
2113;186;255;255;
2114;185;255;255;
2115;184;255;255;
2116;183;255;255;
2117;182;255;255;
2118;181;255;255;
2119;180;255;255;
2120;179;255;255;
2121;178;255;255;
2122;177;255;255;
2123;176;255;255;
2124;175;255;255;
2125;174;255;255;
2126;173;255;255;
2127;172;255;255;
2128;171;255;255;
2129;170;255;255;
2130;169;255;255;
2131;168;255;255;
2132;167;255;255;
2133;166;255;255;
2134;165;255;255;
2135;164;255;255;
2136;163;255;255;
2137;162;255;255;
2138;161;255;255;
2139;160;255;255;
2140;159;255;255;
2141;158;255;255;
2142;157;255;255;
2143;156;255;255;
2144;155;255;255;
2145;154;255;255;
2146;153;255;255;
2147;152;255;255;
2148;151;255;255;
2149;150;255;255;
2150;149;255;255;
2151;148;255;255;
2152;147;255;255;
2153;146;255;255;
2154;145;255;255;
2155;144;255;255;
2156;143;255;255;
2157;142;255;255;
2158;141;255;255;
2159;140;255;255;
2160;139;255;255;
2161;138;255;255;
2162;137;255;255;
2163;136;255;255;
2164;135;255;255;
2165;134;255;255;
2166;133;255;255;
2167;132;255;255;
2168;131;255;255;
2169;130;255;255;
2170;129;255;255;
2171;128;255;255;
2172;127;255;255;
2173;126;255;255;
2174;125;255;255;
2175;124;255;255;
2176;123;255;255;
2177;122;255;255;
2178;121;255;255;
2179;120;255;255;
2180;119;255;255;
2181;118;255;255;
2182;117;255;255;
2183;116;255;255;
2184;115;255;255;
2185;114;255;255;
2186;113;255;255;
2187;112;255;255;
2188;111;255;255;
2189;110;255;255;
2190;109;255;255;
2191;108;255;255;
2192;107;255;255;
2193;106;255;255;
2194;105;255;255;
2195;104;255;255;
2196;103;255;255;
2197;102;255;255;
2198;101;255;255;
2199;100;255;255;
2200;99;255;255;
2201;98;255;255;
2202;97;255;255;
2203;96;255;255;
2204;95;255;255;
2205;94;255;255;
2206;93;255;255;
2207;92;255;255;
2208;91;255;255;
2209;90;255;255;
2210;89;255;255;
2211;88;255;255;
2212;255;101;255;
2213;255;102;255;
2214;255;103;255;
2215;255;104;255;
2216;255;105;255;
2217;255;106;255;
2218;255;107;255;
2219;255;108;255;
2200;255;109;255;
2221;255;110;255;
2222;255;111;255;
2223;255;112;255;
2224;255;113;255;
2225;255;114;255;
2226;255;115;255;
2227;255;116;255;
2228;255;117;255;
2229;255;118;255;
2230;255;119;255;
2231;255;120;255;
2232;255;121;255;
2233;255;122;255;
2234;255;123;255;
2235;255;124;255;
2236;255;125;255;
2237;255;126;255;
2238;255;127;255;
2239;255;128;255;
2240;255;129;255;
2241;255;130;255;
2242;255;131;255;
2243;255;132;255;
2244;255;133;255;
2245;255;134;255;
2246;255;135;255;
2247;255;136;255;
2248;255;137;255;
2249;255;138;255;
2250;255;139;255;
2251;255;140;255;
2252;255;141;255;
2253;255;142;255;
2254;255;143;255;
2255;255;144;255;
2256;255;145;255;
2257;255;146;255;
2258;255;147;255;
2259;255;148;255;
2260;255;149;255;
2261;255;150;255;
2262;255;151;255;
2263;255;152;255;
2264;255;153;255;
2265;255;154;255;
2266;255;155;255;
2267;255;156;255;
2268;255;157;255;
2269;255;158;255;
2270;255;159;255;
2271;255;160;255;
2272;255;161;255;
2273;255;162;255;
2274;255;163;255;
2275;255;164;255;
2276;255;165;255;
2277;255;166;255;
2278;255;167;255;
2279;255;168;255;
2280;255;169;255;
2281;255;170;255;
2282;255;171;255;
2283;255;172;255;
2284;255;173;255;
2285;255;174;255;
2286;255;175;255;
2287;255;176;255;
2288;255;177;255;
2289;255;178;255;
2290;255;255;101;
2291;255;255;102;
2292;255;255;103;
2293;255;255;104;
2294;255;255;105;
2295;255;255;106;
2296;255;255;107;
2297;255;255;108;
2298;255;255;109;
2299;255;255;110;
2300;255;255;111;
2301;255;255;112;
2302;255;255;113;
2303;255;255;114;
2304;255;255;115;
2305;255;255;116;
2306;255;255;117;
2307;255;255;118;
2308;255;255;119;
2309;255;255;120;
2310;255;255;121;
2311;255;255;122;
2312;255;255;123;
2313;255;255;124;
2314;255;255;125;
2315;255;255;126;
2316;255;255;127;
2317;255;255;128;
2318;255;255;129;
2319;255;255;130;
2320;255;255;131;
2321;255;255;132;
2322;51;150;51;
2323;51;151;51;
2324;51;152;51;
2325;51;153;51;
2326;51;154;51;
2327;51;155;51;
2328;51;156;51;
2329;51;157;51;
2330;51;158;51;
2331;51;159;51;
2332;51;160;51;
2333;51;161;51;
2334;51;162;51;
2335;51;163;51;
2336;51;164;51;
2337;51;165;51;
2338;51;166;51;
2339;51;167;51;
2340;51;168;51;
2341;51;169;51;
2342;51;170;51;
2343;51;171;51;
2344;51;172;51;
2345;51;173;51;
2346;51;174;51;
2347;51;175;51;
2348;51;176;51;
2349;51;177;51;
2350;51;178;51;
2351;51;179;51;
2352;51;180;51;
2353;51;181;51;
2354;51;182;51;
2355;51;183;51;
2356;51;184;51;
2357;51;185;51;
2358;51;186;51;
2359;51;187;51;
2360;51;188;51;
2361;51;189;51;
2362;51;190;51;
2363;51;191;51;
2364;51;192;51;
2365;51;193;51;
2366;51;194;51;
2367;51;195;51;
2368;51;196;51;
2369;51;197;51;
2370;51;198;51;
2371;51;199;51;
2372;51;200;51;
2373;51;201;51;
2374;51;202;51;
2375;51;203;51;
2376;51;204;51;
2377;51;205;51;
2378;51;206;51;
2379;51;207;51;
2380;51;208;51;
2381;51;209;51;
2382;51;210;51;
2383;51;211;51;
2384;51;212;51;
2385;51;213;51;
2386;51;214;51;
2387;51;215;51;
2388;51;216;51;
2389;51;217;51;
2390;51;218;51;
2391;51;219;51;
2392;51;220;51;
2393;51;221;51;
2394;51;222;51;
2395;51;223;51;
2396;51;224;51;
2397;51;225;51;
2398;51;226;51;
2399;51;227;51;
2400;51;228;51;
2401;51;229;51;
2402;51;230;51;
2403;51;231;51;
2404;51;232;51;
2405;51;233;51;
2406;51;234;51;
2407;51;235;51;
2408;51;236;51;
2409;51;237;51;
2410;51;238;51;
2411;51;239;51;
2412;51;240;51;
2413;51;241;51;
2414;51;242;51;
2415;51;243;51;
2416;51;244;51;
2417;51;245;51;
2418;51;246;51;
2419;51;247;51;
2420;51;248;51;
2421;51;249;51;
2422;51;250;51;
2423;51;251;51;
2424;51;252;51;
2425;51;253;51;
2426;51;149;51;
2427;51;148;51;
2428;51;147;51;
2429;51;146;51;
2430;51;145;51;
2431;51;144;51;
2432;51;143;51;
2433;51;142;51;
2434;51;141;51;
2435;51;140;51;
2436;51;139;51;
2437;51;138;51;
2438;51;137;51;
2439;51;136;51;
2440;51;135;51;
2441;51;134;51;
2442;51;133;51;
2443;51;132;51;
2444;51;131;51;
2445;51;130;51;
2446;51;129;51;
2447;51;128;51;
2448;51;127;51;
2449;51;126;51;
2450;51;125;51;
2451;51;124;51;
2452;51;123;51;
2453;51;122;51;
2454;51;121;51;
2455;51;120;51;
2456;51;119;51;
2457;51;118;51;
2458;51;117;51;
2459;51;116;51;
2460;51;115;51;
2461;51;114;51;
2462;51;113;51;
2463;51;112;51;
2464;51;111;51;
2465;51;110;51;
2466;51;109;51;
2467;51;108;51;
2468;51;107;51;
2469;51;106;51;
2470;51;105;51;
2471;51;104;51;
2472;51;103;51;
2473;51;102;51;
2474;51;101;51;
2475;51;100;51;
2476;51;99;51;
2477;51;98;51;
2478;51;97;51;
2479;51;96;51;
2480;51;95;51;
2481;51;94;51;
2482;51;93;51;
2483;15;151;151;
2484;16;151;151;
2485;17;151;151;
2486;18;151;151;
2487;19;151;151;
2488;20;151;151;
2489;21;151;151;
2490;22;151;151;
2491;23;151;151;
2492;24;151;151;
2493;25;151;151;
2494;26;151;151;
2495;27;151;151;
2496;28;151;151;
2497;29;151;151;
2498;30;151;151;
2499;31;151;151;
2500;32;151;151;
2501;150;15;15;
2502;149;15;15;
2503;148;15;15;
2504;147;15;15;
2505;146;15;15;
2506;145;15;15;
2507;144;15;15;
2508;143;15;15;
2509;142;15;15;
2510;141;15;15;
2511;140;15;15;
2512;139;15;15;
2513;138;15;15;
2514;137;15;15;
2515;136;15;15;
2516;135;15;15;
2517;134;15;15;
2518;133;15;15;
2519;132;15;15;
2520;131;15;15;
2521;130;15;15;
2522;255;165;15;
2523;255;164;15;
2524;255;163;15;
2525;255;162;15;
2526;255;161;15;
2527;255;160;15;
2528;255;159;15;
2529;255;158;15;
2530;255;157;15;
2531;255;156;15;
2532;255;155;15;
2533;255;154;15;
2534;255;153;15;
2535;255;152;15;
2536;255;151;15;
2537;255;150;15;
2538;255;149;15;
2539;255;148;15;
2540;255;147;15;
2541;255;146;15;
2542;255;145;15;
2543;255;144;15;
2544;255;143;15;
2545;255;142;15;
2546;255;141;15;
2547;255;140;15;
2548;255;139;15;
2549;255;138;15;
2550;255;137;15;
2551;255;136;15;
2552;255;135;15;
2553;255;134;15;
2554;255;133;15;
2555;255;132;15;
2556;255;131;15;
2557;255;130;15;
2558;255;129;15;
2559;255;128;15;
2560;255;127;15;
2561;255;126;15;
2562;255;125;15;
2563;255;124;15;
2564;255;123;15;
2565;255;122;15;
2566;255;121;15;
2567;255;120;15;
2568;255;119;15;
2569;255;118;15;
2570;255;117;15;
2571;255;116;15;
2572;255;115;15;
2573;255;114;15;
2574;255;113;15;
2575;255;112;15;
2576;255;111;15;
2577;255;110;15;
2578;255;109;15;
2579;255;108;15;
2580;255;107;15;
2581;255;106;15;
2582;255;105;15;
2583;255;104;15;
2584;255;103;15;
2585;255;102;15;
2586;255;101;15;
2587;255;100;15;
2588;255;99;15;
2589;255;98;15;
2590;255;97;15;
2591;255;96;15;
2592;255;95;15;
2593;255;94;15;
2594;255;93;15;
2595;255;92;15;
2596;255;91;15;
2597;255;90;15;
2598;255;89;15;
2599;255;88;15;
2600;255;87;15;
2601;255;86;15;
2602;255;85;15;
2603;255;84;15;
2604;255;83;15;
2605;255;82;15;
2606;255;81;15;
2607;255;80;15;
2608;255;79;15;
2609;255;78;15;
2610;255;77;15;
2611;255;76;15;
2612;255;75;15;
2613;255;74;15;
2614;255;73;15;
2615;255;72;15;
2616;255;71;15;
2617;255;70;15;
2618;255;69;15;
2619;255;68;15;
2620;255;67;15;
2621;255;66;15;
2622;255;65;15;
2623;255;64;15;
2624;255;63;15;
2625;255;62;15;
2626;255;61;15;
2627;255;60;15;
2628;255;59;15;
2629;255;58;15;
2630;255;57;15;
2631;255;56;15;
2632;255;55;15;
2633;255;54;15;
2634;255;53;15;
2635;255;52;15;
2636;255;51;15;
2637;255;50;15;
2638;255;49;15;
2639;255;48;15;
2640;255;47;15;
2641;129;15;15;
2642;128;15;15;
2643;127;15;15;
2644;126;15;15;
2645;125;15;15;
2646;124;15;15;
2647;123;15;15;
2648;122;15;15;
2649;121;15;15;
2650;120;15;15;
2651;119;15;15;
2652;118;15;15;
2653;117;15;15;
2654;116;15;15;
2655;115;15;15;
2656;114;15;15;
2657;113;15;15;
2658;112;15;15;
2659;111;15;15;
2660;110;15;15;
2661;109;15;15;
2662;108;15;15;
2663;107;15;15;
2664;106;15;15;
2665;105;15;15;
2666;104;15;15;
2667;103;15;15;
2668;102;15;15;
2669;101;15;15;
2670;100;15;15;
2671;99;15;15;
2672;98;15;15;
2673;97;15;15;
2674;96;15;15;
2675;95;15;15;
2676;94;15;15;
2677;93;15;15;
2678;92;15;15;
2679;91;15;15;
2680;90;15;15;
2681;89;15;15;
2682;88;15;15;
2683;87;15;15;
2684;86;15;15;
2685;85;15;15;
2686;84;15;15;
2687;83;15;15;
2688;82;15;15;
2689;81;15;15;
2690;80;15;15;
2691;79;15;15;
2692;78;15;15;
2693;77;15;15;
2694;76;15;15;
2695;75;15;15;
2696;74;15;15;
2697;73;15;15;
2698;72;15;15;
2699;71;15;15;
2700;70;15;15;
2701;69;15;15;
2702;68;15;15;
2703;67;15;15;
2704;66;15;15;
2705;65;15;15;
2706;64;15;15;
2707;63;15;15;
2708;62;15;15;
2709;61;15;15;
2710;60;15;15;
2711;59;15;15;
2712;58;15;15;
2713;57;15;15;
2714;56;15;15;
2715;55;15;15;
2716;54;15;15;
2717;53;15;15;
2718;52;15;15;
2719;51;15;15;
2720;50;15;15;
2721;49;15;15;
2722;48;15;15;
2723;47;15;15;
2724;46;15;15;
2725;45;15;15;
2726;44;15;15;
2727;43;15;15;
2728;42;15;15;
2729;41;15;15;
2730;40;15;15;
2731;39;15;15;
2732;38;15;15;
2733;37;15;15;
2734;36;15;15;
2735;35;15;15;
2736;34;15;15;
2737;33;15;15;
2738;32;15;15;
2739;31;15;15;
2740;30;15;15;
2741;29;15;15;
2742;28;15;15;
2743;27;15;15;
2744;26;15;15;
2745;25;15;15;
2746;24;15;15;
2747;23;15;15;
2748;22;15;15;
2749;21;15;15;
2750;20;15;15;
2751;19;15;15;
2752;75;75;155;
2753;75;75;154;
2754;75;75;153;
2755;75;75;152;
2756;75;75;151;
2757;75;75;150;
2758;75;75;149;
2759;75;75;148;
2760;75;75;147;
2761;75;75;146;
2762;75;75;145;
2763;75;75;144;
2764;75;75;143;
2765;75;75;142;
2766;75;75;141;
2767;75;75;140;
2768;75;75;139;
2769;75;75;138;
2770;75;75;137;
2771;75;75;136;
2772;75;75;135;
2773;75;75;134;
2774;75;75;133;
2775;75;75;132;
2776;75;75;131;
2777;75;75;130;
2778;75;75;129;
2779;75;75;128;
2780;75;75;127;
2781;75;75;126;
2782;75;75;125;
2783;75;75;124;
2784;75;75;123;
2785;75;75;122;
2786;95;95;155;
2787;95;95;156;
2788;95;95;157;
2789;95;95;158;
2790;95;95;159;
2791;190;190;195;
2792;190;190;250;
2793;190;190;251;
2794;190;190;252;
2795;195;15;195;
2796;195;16;195;
2797;195;17;195;
2798;195;18;195;
2799;195;19;195;
2800;195;20;195;
2801;195;21;195;
2802;195;22;195;
2803;195;23;195;
2804;195;24;195;
2805;195;25;195;
2806;195;26;195;
2807;195;27;195;
2808;195;28;195;
2809;195;29;195;
2810;195;30;195;
2811;195;31;195;
2812;195;32;195;
2813;195;33;195;
2814;195;34;195;
2815;195;35;195;
2816;195;36;195;
2817;195;37;195;
2818;195;38;195;
2819;195;39;195;
2820;195;40;195;
2821;195;41;195;
2822;195;42;195;
2823;195;43;195;
2824;195;44;195;
2825;195;45;195;
2826;195;46;195;
2827;195;47;195;
2828;195;48;195;
2829;195;49;195;
2830;195;50;195;
2831;195;51;195;
2832;195;52;195;
2833;195;53;195;
2834;195;250;195;
2835;195;150;195;
2836;195;200;195;
2837;195;251;195;
2838;195;252;195;
2839;195;253;195;
2840;195;254;195;
2841;195;80;195;
2842;195;81;195;
2843;195;82;195;
2844;195;185;195;
2845;195;186;195;
2846;196;200;196;
2847;196;201;196;
2848;196;202;196;
2849;196;203;196;
2850;196;204;196;
2851;196;205;196;
2852;196;206;196;
2853;196;207;196;
2854;196;208;196;
2855;196;209;196;
2856;196;210;196;
2857;196;211;196;
2858;196;212;196;
2859;196;213;196;
2860;196;214;196;
2861;196;215;196;
2862;196;216;196;
2863;196;217;196;
2864;196;218;196;
2865;196;219;196;
2866;196;220;196;
2867;196;221;196;
2868;196;222;196;
2869;196;223;196;
2870;196;224;196;
2871;196;225;196;
2872;196;226;196;
2873;196;227;196;
2874;196;228;196;
2875;196;229;196;
2876;196;230;196;
2877;196;231;196;
2878;196;232;196;
2879;196;233;196;
2880;196;234;196;
2881;196;235;196;
2882;196;236;196;
2883;196;237;196;
2884;196;238;196;
2885;196;239;196;
2886;196;240;196;
2887;196;241;196;
2888;196;242;196;
2889;196;243;196;
2890;196;244;196;
2891;196;245;196;
2892;196;246;196;
2893;196;247;196;
2894;196;248;196;
2895;196;249;196;
2896;196;250;196;
2897;196;251;196;
2898;196;252;196;
2899;196;253;196;
2900;196;254;196;
2901;197;120;197;
2902;197;121;197;
2903;197;122;197;
2904;197;123;197;
2905;197;124;197;
2906;197;125;197;
2907;197;126;197;
2908;197;127;197;
2909;197;128;197;
2910;197;129;197;
2911;197;130;197;
2912;197;131;197;
2913;197;132;197;
2914;197;133;197;
2915;197;134;197;
2916;197;135;197;
2917;197;136;197;
2918;197;137;197;
2919;197;138;197;
2920;197;139;197;
2921;197;140;197;
2922;197;141;197;
2923;197;142;197;
2924;197;143;197;
2925;197;144;197;
2926;197;145;197;
2927;197;146;197;
2928;197;147;197;
2929;197;148;197;
2930;197;149;197;
2931;197;150;197;
2932;197;151;197;
2933;197;152;197;
2934;197;153;197;
2935;197;154;197;
2936;197;155;197;
2937;197;156;197;
2938;197;157;197;
2939;197;158;197;
2940;197;159;197;
2941;197;160;197;
2942;197;161;197;
2943;197;162;197;
2944;197;163;197;
2945;197;164;197;
2946;197;165;197;
2947;197;166;197;
2948;197;167;197;
2949;197;168;197;
2950;197;169;197;
2951;197;170;197;
2952;197;171;197;
2953;197;172;197;
2954;197;173;197;
2955;197;174;197;
2956;197;175;197;
2957;197;176;197;
2958;197;177;197;
2959;197;178;197;
2960;197;179;197;
2961;197;180;197;
2962;197;181;197;
2963;197;182;197;
2964;197;183;197;
2965;197;184;197;
2966;197;185;197;
2967;197;186;197;
2968;197;187;197;
2969;197;188;197;
2970;197;189;197;
2971;197;190;197;
2972;197;191;197;
2973;197;192;197;
2974;197;193;197;
2975;197;194;197;
2976;197;195;197;
2977;197;196;197;
2978;197;197;197;
2979;197;198;197;
2980;197;199;197;
2981;197;200;197;
2982;197;201;197;
2983;197;202;197;
2984;197;203;197;
2985;197;204;197;
2986;197;205;197;
2987;197;206;197;
2988;197;207;197;
2989;197;208;197;
2990;197;209;197;
2991;197;210;197;
2992;197;211;197;
2993;197;212;197;
2994;197;213;197;
2995;197;214;197;
2996;197;215;197;
2997;197;216;197;
2998;197;217;197;
2999;197;218;197;
3000;197;219;197;
3001;197;220;197;
3002;197;221;197;
3003;197;222;197;
3004;197;223;197;
3005;197;224;197;
3006;197;225;197;
3007;197;226;197;
3008;197;227;197;
3009;197;228;197;
3010;197;229;197;
3011;197;230;197;
3012;197;231;197;
3013;197;232;197;
3014;197;233;197;
3015;197;234;197;
3016;197;235;197;
3017;197;236;197;
3018;197;237;197;
3019;197;238;197;
3020;197;239;197;
3021;197;240;197;
3022;197;241;197;
3023;197;242;197;
3024;197;243;197;
3025;197;244;197;
3026;197;245;197;
3027;197;246;197;
3028;197;247;197;
3029;197;248;197;
3030;197;249;197;
3031;197;250;197;
3032;197;251;197;
3033;197;252;197;
3034;197;253;197;
3035;197;254;197;
3036;197;255;197;
3037;198;1;198;
3038;198;2;198;
3039;198;3;198;
3040;198;4;198;
3041;198;5;198;
3042;198;6;198;
3043;198;7;198;
3044;198;8;198;
3045;198;9;198;
3046;198;10;198;
3047;198;11;198;
3048;198;12;198;
3049;198;13;198;
3050;198;14;198;
3051;198;15;198;
3052;198;16;198;
3053;198;17;198;
3054;198;18;198;
3055;198;19;198;
3056;198;20;198;
3057;198;21;198;
3058;198;22;198;
3059;198;23;198;
3060;198;24;198;
3061;198;25;198;
3062;198;26;198;
3063;198;27;198;
3064;198;28;198;
3065;198;29;198;
3066;198;30;198;
3067;198;31;198;
3068;198;32;198;
3069;198;33;198;
3070;198;34;198;
3071;198;35;198;
3072;198;36;198;
3073;198;37;198;
3074;198;38;198;
3075;198;39;198;
3076;198;40;198;
3077;198;41;198;
3078;198;42;198;
3079;198;43;198;
3080;198;44;198;
3081;198;45;198;
3082;198;46;198;
3083;198;47;198;
3084;198;48;198;
3085;198;49;198;
3086;198;50;198;
3087;198;51;198;
3088;198;52;198;
3089;198;53;198;
3090;198;54;198;
3091;198;55;198;
3092;198;56;198;
3093;198;57;198;
3094;198;58;198;
3095;198;59;198;
3096;198;60;198;
3097;198;61;198;
3098;198;62;198;
3099;198;63;198;
3100;198;64;198;
3101;198;65;198;
3102;198;66;198;
3103;198;67;198;
3104;198;68;198;
3105;198;69;198;
3106;198;70;198;
3107;198;71;198;
3108;198;72;198;
3109;198;73;198;
3110;198;74;198;
3111;198;75;198;
3112;198;76;198;
3113;198;77;198;
3114;198;78;198;
3115;198;79;198;
3116;198;80;198;
3117;198;81;198;
3118;198;82;198;
3119;198;83;198;
3120;198;84;198;
3121;198;85;198;
3122;198;86;198;
3123;198;87;198;
3124;198;88;198;
3125;198;89;198;
3126;198;90;198;
3127;198;91;198;
3128;198;92;198;
3129;198;93;198;
3130;198;94;198;
3131;198;95;198;
3132;198;96;198;
3133;198;97;198;
3134;198;98;198;
3135;198;99;198;
3136;198;100;198;
3137;198;101;198;
3138;198;102;198;
3139;198;103;198;
3140;198;104;198;
3141;198;105;198;
3142;198;106;198;
3143;198;107;198;
3144;198;108;198;
3145;198;109;198;
3146;198;110;198;
3147;198;111;198;
3148;198;112;198;
3149;198;113;198;
3150;198;114;198;
3151;198;115;198;
3152;198;116;198;
3153;198;117;198;
3154;198;118;198;
3155;198;119;198;
3156;198;120;198;
3157;198;121;198; #
3158;198;122;198;
3159;198;123;198;
3160;198;124;198;
3161;198;125;198;
3162;198;126;198;
3163;198;127;198;
3164;198;128;198;
3165;198;129;198;
3166;198;130;198;
3167;198;131;198;
3168;198;132;198;
3169;198;133;198;
3170;198;134;198;
3171;198;135;198;
3172;198;136;198;
3173;198;137;198;
3174;198;138;198;
3175;198;139;198;
3176;198;140;198;
3177;198;141;198;
3178;198;142;198;
3179;198;143;198;
3180;198;144;198;
3181;198;145;198;
3182;198;146;198;
3183;198;147;198;
3184;198;148;198;
3185;198;149;198;
3186;198;150;198;
3187;151;151;160; #
3188;151;151;161;
3189;151;151;162;
3190;151;151;163;
3191;151;151;164;
3192;151;151;165;
3193;151;151;166;
3194;151;151;167;
3195;151;151;168;
3196;151;151;169;
3197;151;151;170;
3198;151;151;171;
3199;151;151;172;
3200;151;151;173;
3201;151;151;174;
3202;151;151;175;
3203;151;151;176;
3204;151;151;177;
3205;151;151;178;
3206;151;151;179;
3207;151;151;180;
3208;151;151;181;
3209;151;151;182;
3210;151;151;183;
3211;224;114;114; #
3212;225;114;114;
3213;226;114;114;
3214;227;114;114;
3215;228;114;114;
3216;229;114;114;
3217;230;114;114;
3218;231;114;114;
3219;232;114;114;
3220;233;114;114;
3221;234;114;114;
3222;235;114;114;
3223;236;114;114;
3224;237;114;114;
3225;238;114;114;
3226;239;114;114;
3227;240;114;114;
3228;241;114;114;
3229;242;114;114;
3230;243;114;114;
3231;244;114;114;
3232;245;114;114;
3233;246;114;114;
3234;247;114;114;
3235;248;114;114;
3236;249;114;114;
3237;250;114;114;
3238;251;114;114;
3239;252;114;114;
3240;253;114;114;
3241;254;114;114;
3242;255;114;114;
3243;230;47;47;
3244;231;47;47;
3245;232;47;47;
3246;233;47;47;
3247;234;47;47;
3248;235;47;47; #
3249;236;47;47;
3250;237;47;47;
3251;238;47;47;
3252;239;47;47;
3253;240;47;47;
3254;241;47;47;
3255;242;47;47;
3256;243;47;47;
3257;244;47;47;
3258;245;47;47;
3259;246;47;47;
3260;247;47;47;
3261;248;47;47;
3262;249;47;47;
3263;250;47;47;
3264;251;47;47;
3265;252;47;47;
3266;253;47;47;
3267;254;47;47;
3268;255;47;47;
3269;10;48;48;
3270;11;48;48;
3271;12;48;48;
3272;13;48;48;
3273;14;48;48;
3274;15;48;48;
3275;16;48;48;
3276;17;48;48;
3277;18;48;48;
3278;19;48;48;
3279;20;48;48;
3280;21;48;48;
3281;21;49;49;
3282;22;48;48;
3283;17;53;48;#
3284;50;253;48;
3285;50;53;248;
3286;50;54;248;
3287;50;55;248;
3288;50;255;48;
3289;157;47;99;
3290;157;48;99;
3291;157;99;99;
3292;157;99;100;
3293;157;150;100;
3294;157;150;160;
3295;157;156;160;
3296;69;156;160;
3297;77;156;160;
3298;77;78;160;
3299;77;79;160;
3300;77;80;160;
3301;77;180;160;
3302;77;180;250;
3303;77;181;250;
3304;77;182;250;
3305;77;183;250;
3306;77;184;250;
3307;77;185;250;
3308;77;186;250;
3309;77;187;250;
3310;77;188;250;
3311;177;188;250;
3312;178;188;250;
3313;201;188;250;
3314;201;214;250;
3315;201;215;250;
3316;11;215;25;
3317;12;215;25;
3318;16;215;31;
3319;16;215;33;
3320;16;215;34;
3321;16;216;34;
3322;16;217;34;
3323;16;217;35;
3324;16;218;35;
3325;16;23;35;
3326;16;24;35;
3327;16;25;35;
3328;16;194;35;
3329;16;195;35;
3330;17;195;35;
3331;17;196;35;
3332;47;156;36;#
3333;48;156;36;
3334;49;156;36;
3335;156;49;250;
3336;157;49;250;
3337;158;49;250;
3338;59;26;201;
